WKT,Coordinates,Route Name,Route Number,,
POINT (121.0674572360515 14.538644321008745),14.53864432,121.0674572,Guadalupe (ABC)-Taguig via Tipas,139,
POINT (121.06742755790276 14.538952572453042),14.53895257,121.0674276,Guadalupe (ABC)-Taguig via Tipas,139,
POINT (121.06721666154796 14.540811478374506),14.54081148,121.0672167,Guadalupe (ABC)-Taguig via Tipas,139,
POINT (121.06692322705662 14.541819366508145),14.54181937,121.0669232,Guadalupe (ABC)-Taguig via Tipas,139,
POINT (121.06712707493215 14.54277220048029),14.5427722,121.0671271,Guadalupe (ABC)-Taguig via Tipas,139,
POINT (121.06464465761833 14.54620864777756),14.54620865,121.0646447,Guadalupe (ABC)-Taguig via Tipas,139,
POINT (121.06372586812965 14.54958401476316),14.54958401,121.0637259,Guadalupe (ABC)-Taguig via Tipas,139,
POINT (121.06343887177974 14.551040473755668),14.55104047,121.0634389,Guadalupe (ABC)-Taguig via Tipas,139,
POINT (121.06335304108295 14.552655288733552),14.55265529,121.063353,Guadalupe (ABC)-Taguig via Tipas,139,
POINT (121.06402895774576 14.554122112032111),14.55412211,121.064029,Guadalupe (ABC)-Taguig via Tipas,139,
POINT (121.06434814060545 14.554724415404678),14.55472442,121.0643481,Guadalupe (ABC)-Taguig via Tipas,139,
POINT (121.06489437701221 14.555710097015918),14.5557101,121.0648944,Guadalupe (ABC)-Taguig via Tipas,139,
POINT (121.0660802514222 14.557779676212025),14.55777968,121.0660803,Guadalupe (ABC)-Taguig via Tipas,139,
POINT (121.06583617040741 14.559269830146686),14.55926983,121.0658362,Guadalupe (ABC)-Taguig via Tipas,139,
POINT (121.06465331624 14.560077209001077),14.56007721,121.0646533,Guadalupe (ABC)-Taguig via Tipas,139,
POINT (121.06302253315746 14.56042248586876),14.56042249,121.0630225,Guadalupe (ABC)-Taguig via Tipas,139,
POINT (121.06169077321636 14.561568412510884),14.56156841,121.0616908,Guadalupe (ABC)-Taguig via Tipas,139,
POINT (121.05998953909975 14.562884020432698),14.56288402,121.0599895,Guadalupe (ABC)-Taguig via Tipas,139,
POINT (121.05908449110198 14.563320000995038),14.56332,121.0590845,Guadalupe (ABC)-Taguig via Tipas,139,
POINT (121.05817750963284 14.563847215380004),14.56384722,121.0581775,Guadalupe (ABC)-Taguig via Tipas,139,
POINT (121.05572465004866 14.564419668194034),14.56441967,121.0557247,Guadalupe (ABC)-Taguig via Tipas,139,
POINT (121.05414063413166 14.565142872153766),14.56514287,121.0541406,Guadalupe (ABC)-Taguig via Tipas,139,
POINT (121.05344692763128 14.565915391824287),14.56591539,121.0534469,Guadalupe (ABC)-Taguig via Tipas,139,
POINT (121.0519381985669 14.56702986158905),14.56702986,121.0519382,Guadalupe (ABC)-Taguig via Tipas,139,
POINT (121.05099723644402 14.567531525510905),14.56753153,121.0509972,Guadalupe (ABC)-Taguig via Tipas,139,
POINT (121.0469672494571 14.567796565346072),14.56779657,121.0469672,Guadalupe (ABC)-Taguig via Tipas,139,
POINT (121.04601671830565 14.566929073005857),14.56692907,121.0460167,Guadalupe (ABC)-Taguig via Tipas,139,
POINT (121.0468542 14.5665727197085),14.56657272,121.0468542,Guadalupe (ABC)-Taguig via Tipas,139,
POINT (121.05541 14.54748),14.54748,121.05541,Forbes Park - Pasay Road via Ayala Comm,140,
POINT (121.05244 14.54735),14.54735,121.05244,Forbes Park - Pasay Road via Ayala Comm,140,
POINT (121.04963 14.54652),14.54652,121.04963,Forbes Park - Pasay Road via Ayala Comm,140,
POINT (121.04138 14.54688),14.54688,121.04138,Forbes Park - Pasay Road via Ayala Comm,140,
POINT (121.03501 14.54747),14.54747,121.03501,Forbes Park - Pasay Road via Ayala Comm,140,
POINT (121.033 14.54831),14.54831,121.033,Forbes Park - Pasay Road via Ayala Comm,140,
POINT (121.0303 14.54989),14.54989,121.0303,Forbes Park - Pasay Road via Ayala Comm,140,
POINT (121.06681 14.54605),14.54605,121.06681,Pateros-Market Market,141,
POINT (121.06468 14.54615),14.54615,121.06468,Pateros-Market Market,141,
POINT (121.06402 14.54806),14.54806,121.06402,Pateros-Market Market,141,
POINT (121.0637 14.54959),14.54959,121.0637,Pateros-Market Market,141,
POINT (121.06343 14.55091),14.55091,121.06343,Pateros-Market Market,141,
POINT (121.06335 14.55263),14.55263,121.06335,Pateros-Market Market,141,
POINT (121.06396 14.55406),14.55406,121.06396,Pateros-Market Market,141,
POINT (121.06427 14.55464),14.55464,121.06427,Pateros-Market Market,141,
POINT (121.06275 14.55619),14.55619,121.06275,Pateros-Market Market,141,
POINT (121.06102 14.55357),14.55357,121.06102,Pateros-Market Market,141,
POINT (121.05643 14.54889),14.54889,121.05643,Pateros-Market Market,141,
POINT (121.01162 14.55117),14.55117,121.01162,FTI-Kayamanan C,142,
POINT (121.01264 14.54929),14.54929,121.01264,FTI-Kayamanan C,142,
POINT (121.01664 14.54433),14.54433,121.01664,FTI-Kayamanan C,142,
POINT (121.0197 14.53866),14.53866,121.0197,FTI-Kayamanan C,142,
POINT (121.0229 14.53265),14.53265,121.0229,FTI-Kayamanan C,142,
POINT (121.02632 14.52938),14.52938,121.02632,FTI-Kayamanan C,142,
POINT (121.02705 14.52572),14.52572,121.02705,FTI-Kayamanan C,142,
POINT (121.02927 14.51876),14.51876,121.02927,FTI-Kayamanan C,142,
POINT (121.03055 14.51639),14.51639,121.03055,FTI-Kayamanan C,142,
POINT (121.0339 14.5105),14.5105,121.0339,FTI-Kayamanan C,142,
POINT (121.03501 14.50784),14.50784,121.03501,FTI-Kayamanan C,142,
POINT (121.03832 14.50566),14.50566,121.03832,FTI-Kayamanan C,142,
POINT (121.04164 14.50681),14.50681,121.04164,FTI-Kayamanan C,142,
POINT (121.0447 14.56311),14.56311,121.0447,AFP/PNP Housing-Guadalupe via Bayani Rd,143,
POINT (121.04575 14.5624),14.5624,121.04575,AFP/PNP Housing-Guadalupe via Bayani Rd,143,
POINT (121.04582 14.56176),14.56176,121.04582,AFP/PNP Housing-Guadalupe via Bayani Rd,143,
POINT (121.04578 14.55904),14.55904,121.04578,AFP/PNP Housing-Guadalupe via Bayani Rd,143,
POINT (121.04758 14.55987),14.55987,121.04758,AFP/PNP Housing-Guadalupe via Bayani Rd,143,
POINT (121.049 14.56109),14.56109,121.049,AFP/PNP Housing-Guadalupe via Bayani Rd,143,
POINT (121.05183 14.56251),14.56251,121.05183,AFP/PNP Housing-Guadalupe via Bayani Rd,143,
POINT (121.04182 14.52875),14.52875,121.04182,AFP/PNP Housing-Guadalupe via Bayani Rd,143,
POINT (121.04267 14.52675),14.52675,121.04267,AFP/PNP Housing-Guadalupe via Bayani Rd,143,
POINT (121.04367 14.52519),14.52519,121.04367,AFP/PNP Housing-Guadalupe via Bayani Rd,143,
POINT (121.04374 14.52527),14.52527,121.04374,AFP/PNP (Taguig)-Guadalupe (ABC) via M. Asun,144,
POINT (121.04275 14.52674),14.52674,121.04275,AFP/PNP (Taguig)-Guadalupe (ABC) via M. Asun,144,
POINT (121.04192 14.52876),14.52876,121.04192,AFP/PNP (Taguig)-Guadalupe (ABC) via M. Asun,144,
POINT (121.05256 14.54725),14.54725,121.05256,AFP/PNP (Taguig)-Guadalupe (ABC) via M. Asun,144,
POINT (121.05509 14.54923),14.54923,121.05509,AFP/PNP (Taguig)-Guadalupe (ABC) via M. Asun,144,
POINT (121.0532179 14.5515597),14.5515597,121.0532179,AFP/PNP (Taguig)-Guadalupe (ABC) via M. Asun,144,
POINT (121.05717 14.55274),14.55274,121.05717,AFP/PNP (Taguig)-Guadalupe (ABC) via M. Asun,144,
POINT (121.05845 14.55587),14.55587,121.05845,AFP/PNP (Taguig)-Guadalupe (ABC) via M. Asun,144,
POINT (121.05801 14.55823),14.55823,121.05801,AFP/PNP (Taguig)-Guadalupe (ABC) via M. Asun,144,
POINT (121.05545 14.55862),14.55862,121.05545,AFP/PNP (Taguig)-Guadalupe (ABC) via M. Asun,144,
POINT (121.05439 14.56211),14.56211,121.05439,AFP/PNP (Taguig)-Guadalupe (ABC) via M. Asun,144,
POINT (121.05184 14.56261),14.56261,121.05184,AFP/PNP (Taguig)-Guadalupe (ABC) via M. Asun,144,
POINT (121.04889 14.56112),14.56112,121.04889,AFP/PNP (Taguig)-Guadalupe (ABC) via M. Asun,144,
POINT (121.04753 14.55991),14.55991,121.04753,AFP/PNP (Taguig)-Guadalupe (ABC) via M. Asun,144,
POINT (121.04626 14.55955),14.55955,121.04626,AFP/PNP (Taguig)-Guadalupe (ABC) via M. Asun,144,
POINT (121.04631 14.56),14.56,121.04631,AFP/PNP (Taguig)-Guadalupe (ABC) via M. Asun,144,
POINT (121.04635 14.56084),14.56084,121.04635,AFP/PNP (Taguig)-Guadalupe (ABC) via M. Asun,144,
POINT (121.04638 14.56172),14.56172,121.04638,AFP/PNP (Taguig)-Guadalupe (ABC) via M. Asun,144,
POINT (121.04638 14.56197),14.56197,121.04638,AFP/PNP (Taguig)-Guadalupe (ABC) via M. Asun,144,
POINT (121.04631 14.56247),14.56247,121.04631,AFP/PNP (Taguig)-Guadalupe (ABC) via M. Asun,144,
POINT (121.04605 14.56333),14.56333,121.04605,AFP/PNP (Taguig)-Guadalupe (ABC) via M. Asun,144,
POINT (121.04567 14.56398),14.56398,121.04567,AFP/PNP (Taguig)-Guadalupe (ABC) via M. Asun,144,
POINT (121.0241 14.55178),14.55178,121.0241,Ayala-Guadalupe (Ibabaw) via JP Rizal,145,
POINT (121.02325 14.55235),14.55235,121.02325,Ayala-Guadalupe (Ibabaw) via JP Rizal,145,
POINT (121.02302 14.55567),14.55567,121.02302,Ayala-Guadalupe (Ibabaw) via JP Rizal,145,
POINT (121.02034 14.55739),14.55739,121.02034,Ayala-Guadalupe (Ibabaw) via JP Rizal,145,
POINT (121.0172 14.55944),14.55944,121.0172,Ayala-Guadalupe (Ibabaw) via JP Rizal,145,
POINT (121.01573 14.5629),14.5629,121.01573,Ayala-Guadalupe (Ibabaw) via JP Rizal,145,
POINT (121.01633 14.56432),14.56432,121.01633,Ayala-Guadalupe (Ibabaw) via JP Rizal,145,
POINT (121.01717 14.56648),14.56648,121.01717,Ayala-Guadalupe (Ibabaw) via JP Rizal,145,
POINT (121.01789 14.56837),14.56837,121.01789,Ayala-Guadalupe (Ibabaw) via JP Rizal,145,
POINT (121.01881 14.57072),14.57072,121.01881,Ayala-Guadalupe (Ibabaw) via JP Rizal,145,
POINT (121.01815 14.57134),14.57134,121.01815,Ayala-Guadalupe (Ibabaw) via JP Rizal,145,
POINT (121.01647 14.56984),14.56984,121.01647,Ayala-Guadalupe (Ibabaw) via JP Rizal,145,
POINT (121.02087 14.55551),14.55551,121.02087,Ayala - Mantrade via Pasong Tamo,146,
POINT (121.0173 14.55115),14.55115,121.0173,Ayala - Mantrade via Pasong Tamo,146,
POINT (121.01282 14.55155),14.55155,121.01282,Ayala - Mantrade via Pasong Tamo,146,
POINT (121.0127 14.5492),14.5492,121.0127,Ayala - Mantrade via Pasong Tamo,146,
POINT (121.0197 14.53864),14.53864,121.0197,Ayala - Mantrade via Pasong Tamo,146,
POINT (121.01662 14.54434),14.54434,121.01662,Ayala - Mantrade via Pasong Tamo,146,
POINT (121.0303 14.54989),14.54989,121.0303,Ayala-Washington,147,
POINT (121.02637 14.55318),14.55318,121.02637,Ayala-Washington,147,
POINT (121.02004 14.55742),14.55742,121.02004,Ayala-Washington,147,
POINT (121.0172 14.55928),14.55928,121.0172,Ayala-Washington,147,
POINT (121.01434 14.561),14.561,121.01434,Ayala-Washington,147,
POINT (121.01198 14.55995),14.55995,121.01198,Ayala-Washington,147,
POINT (121.0024 14.56159),14.56159,121.0024,Dian-Libertad,148,
POINT (121.00351 14.55797),14.55797,121.00351,Dian-Libertad,148,
POINT (121.00408 14.55577),14.55577,121.00408,Dian-Libertad,148,
POINT (121.00525 14.55206),14.55206,121.00525,Dian-Libertad,148,
POINT (121.00721 14.55033),14.55033,121.00721,Dian-Libertad,148,
POINT (120.99388 14.54612),14.54612,120.99388,Evangelista-Libertad,149,
POINT (121.01022 14.55104),14.55104,121.01022,Evangelista-Libertad,149,
POINT (121.01066 14.54901),14.54901,121.01066,Evangelista-Libertad,149,
POINT (121.01102 14.54685),14.54685,121.01102,Evangelista-Libertad,149,
POINT (121.01135 14.5448),14.5448,121.01135,Evangelista-Libertad,149,
POINT (121.01168 14.54278),14.54278,121.01168,Evangelista-Libertad,149,
POINT (121.01197 14.54108),14.54108,121.01197,Evangelista-Libertad,149,
POINT (121.0456 14.56398),14.56398,121.0456,Guadalupe (ABC)-Brgy. Buting E. Rembo via Kalayaan,150,
POINT (121.04576 14.56237),14.56237,121.04576,Guadalupe (ABC)-Brgy. Buting E. Rembo via Kalayaan,150,
POINT (121.0458 14.56179),14.56179,121.0458,Guadalupe (ABC)-Brgy. Buting E. Rembo via Kalayaan,150,
POINT (121.0458 14.55905),14.55905,121.0458,Guadalupe (ABC)-Brgy. Buting E. Rembo via Kalayaan,150,
POINT (121.04761 14.55987),14.55987,121.04761,Guadalupe (ABC)-Brgy. Buting E. Rembo via Kalayaan,150,
POINT (121.04899 14.56108),14.56108,121.04899,Guadalupe (ABC)-Brgy. Buting E. Rembo via Kalayaan,150,
POINT (121.05182 14.56251),14.56251,121.05182,Guadalupe (ABC)-Brgy. Buting E. Rembo via Kalayaan,150,
POINT (121.05432 14.56199),14.56199,121.05432,Guadalupe (ABC)-Brgy. Buting E. Rembo via Kalayaan,150,
POINT (121.05687 14.56045),14.56045,121.05687,Guadalupe (ABC)-Brgy. Buting E. Rembo via Kalayaan,150,
POINT (121.0597 14.5589),14.5589,121.0597,Guadalupe (ABC)-Brgy. Buting E. Rembo via Kalayaan,150,
POINT (121.06479 14.55506),14.55506,121.06479,Guadalupe (ABC)-Brgy. Buting E. Rembo via Kalayaan,150,
POINT (121.06591 14.55458),14.55458,121.06591,Guadalupe (ABC)-Brgy. Buting E. Rembo via Kalayaan,150,
POINT (121.06701 14.5543),14.5543,121.06701,Guadalupe (ABC)-Brgy. Buting E. Rembo via Kalayaan,150,
POINT (121.06813 14.55406),14.55406,121.06813,Guadalupe (ABC)-Brgy. Buting E. Rembo via Kalayaan,150,
POINT (121.07019 14.55365),14.55365,121.07019,Guadalupe (ABC)-Brgy. Buting E. Rembo via Kalayaan,150,
POINT (121.01566 14.5718),14.5718,121.01566,Kayamanan C-PRC via Pasong Tamo,151,
POINT (121.01488 14.57041),14.57041,121.01488,Kayamanan C-PRC via Pasong Tamo,151,
POINT (121.01412 14.56894),14.56894,121.01412,Kayamanan C-PRC via Pasong Tamo,151,
POINT (121.01336 14.5675),14.5675,121.01336,Kayamanan C-PRC via Pasong Tamo,151,
POINT (121.01258 14.56602),14.56602,121.01258,Kayamanan C-PRC via Pasong Tamo,151,
POINT (121.01098 14.56263),14.56263,121.01098,Kayamanan C-PRC via Pasong Tamo,151,
POINT (121.01274 14.55822),14.55822,121.01274,Kayamanan C-PRC via Pasong Tamo,151,
POINT (121.0137 14.55456),14.55456,121.0137,Kayamanan C-PRC via Pasong Tamo,151,
POINT (121.01267 14.54925),14.54925,121.01267,Kayamanan C-PRC via Pasong Tamo,151,
POINT (121.01664 14.54434),14.54434,121.01664,Kayamanan C-PRC via Pasong Tamo,151,
POINT (121.01812 14.54082),14.54082,121.01812,Kayamanan C-PRC via Pasong Tamo,151,
POINT (120.99601 14.563),14.563,120.99601,L Guinto-Zobel Roxas via Paco,152,
POINT (120.99832 14.56407),14.56407,120.99832,L Guinto-Zobel Roxas via Paco,152,
POINT (120.99904 14.56197),14.56197,120.99904,L Guinto-Zobel Roxas via Paco,152,
POINT (121.00398 14.56686),14.56686,121.00398,L Guinto-Zobel Roxas via Paco,152,
POINT (121.0062 14.56903),14.56903,121.0062,L Guinto-Zobel Roxas via Paco,152,
POINT (121.02605 14.54912),14.54912,121.02605,Libertad, Pasay-Pasay Rd.,153
POINT (121.02472 14.549),14.549,121.02472,Libertad, Pasay-Pasay Rd.,153
POINT (121.02246 14.55054),14.55054,121.02246,Libertad, Pasay-Pasay Rd.,153
POINT (121.01896 14.55098),14.55098,121.01896,Libertad, Pasay-Pasay Rd.,153
POINT (121.01731 14.55115),14.55115,121.01731,Libertad, Pasay-Pasay Rd.,153
POINT (121.01369 14.55459),14.55459,121.01369,Libertad, Pasay-Pasay Rd.,153
POINT (121.0128 14.55159),14.55159,121.0128,Libertad, Pasay-Pasay Rd.,153
POINT (121.01022 14.55106),14.55106,121.01022,Libertad, Pasay-Pasay Rd.,153
POINT (121.00722 14.55034),14.55034,121.00722,Libertad, Pasay-Pasay Rd.,153
POINT (121.0119888 14.5752873),14.5752873,121.0119888,Del Pan-Guadalupe (Ibabaw),154,
POINT (121.0129045 14.5741192),14.5741192,121.0129045,Del Pan-Guadalupe (Ibabaw),154,
POINT (121.0138468 14.5725334),14.5725334,121.0138468,Del Pan-Guadalupe (Ibabaw),154,
POINT (121.0140825 14.5714513),14.5714513,121.0140825,Del Pan-Guadalupe (Ibabaw),154,
POINT (121.0162115 14.5696153),14.5696153,121.0162115,Del Pan-Guadalupe (Ibabaw),154,
POINT (121.0177945 14.5687682),14.5687682,121.0177945,Del Pan-Guadalupe (Ibabaw),154,
POINT (121.020392 14.5678181),14.5678181,121.020392,Del Pan-Guadalupe (Ibabaw),154,
POINT (121.0222 14.5671396),14.5671396,121.0222,Del Pan-Guadalupe (Ibabaw),154,
POINT (121.0233998 14.5666899),14.5666899,121.0233998,Del Pan-Guadalupe (Ibabaw),154,
POINT (121.0241495 14.5682482),14.5682482,121.0241495,Del Pan-Guadalupe (Ibabaw),154,
POINT (121.0248084 14.5700992),14.5700992,121.0248084,Del Pan-Guadalupe (Ibabaw),154,
POINT (121.027492 14.5714231),14.5714231,121.027492,Del Pan-Guadalupe (Ibabaw),154,
POINT (121.0291546 14.5700538),14.5700538,121.0291546,Del Pan-Guadalupe (Ibabaw),154,
POINT (121.0279055 14.5675585),14.5675585,121.0279055,Del Pan-Guadalupe (Ibabaw),154,
POINT (121.0320921 14.5674353),14.5674353,121.0320921,Del Pan-Guadalupe (Ibabaw),154,
POINT (121.0349617 14.5668399),14.5668399,121.0349617,Del Pan-Guadalupe (Ibabaw),154,
POINT (121.0379128 14.5670812),14.5670812,121.0379128,Del Pan-Guadalupe (Ibabaw),154,
POINT (121.04144104930025 14.56742940157024),14.56742940157024, 121.04144104930025,Del Pan-Guadalupe (Ibabaw),154,
POINT (121.0463864847384 14.566701367298858),14.566701367298858, 121.0463864847384,Guadalupe (ABC)-Pateros via JP Rizal,155,
POINT (121.0465388 14.5670149),14.5670149,121.0465388,Guadalupe (ABC)-Pateros via JP Rizal,155,
POINT (121.0466168 14.5674083),14.5674083,121.0466168,Guadalupe (ABC)-Pateros via JP Rizal,155,
POINT (121.0469575 14.5677701),14.5677701,121.0469575,Guadalupe (ABC)-Pateros via JP Rizal,155,
POINT (121.0490248 14.5679895),14.5679895,121.0490248,Guadalupe (ABC)-Pateros via JP Rizal,155,
POINT (121.0509218 14.5675689),14.5675689,121.0509218,Guadalupe (ABC)-Pateros via JP Rizal,155,
POINT (121.0517573 14.5670919),14.5670919,121.0517573,Guadalupe (ABC)-Pateros via JP Rizal,155,
POINT (121.0530052 14.5663501),14.5663501,121.0530052,Guadalupe (ABC)-Pateros via JP Rizal,155,
POINT (121.0544958 14.5646835),14.5646835,121.0544958,Guadalupe (ABC)-Pateros via JP Rizal,155,
POINT (121.0559932 14.564385),14.564385,121.0559932,Guadalupe (ABC)-Pateros via JP Rizal,155,
POINT (121.0582221 14.5638049),14.5638049,121.0582221,Guadalupe (ABC)-Pateros via JP Rizal,155,
POINT (121.0589976 14.5633443),14.5633443,121.0589976,Guadalupe (ABC)-Pateros via JP Rizal,155,
POINT (121.0600647 14.5628144),14.5628144,121.0600647,Guadalupe (ABC)-Pateros via JP Rizal,155,
POINT (121.0617127 14.5615211),14.5615211,121.0617127,Guadalupe (ABC)-Pateros via JP Rizal,155,
POINT (121.0632017 14.5603224),14.5603224,121.0632017,Guadalupe (ABC)-Pateros via JP Rizal,155,
POINT (121.0645863 14.5600606),14.5600606,121.0645863,Guadalupe (ABC)-Pateros via JP Rizal,155,
POINT (121.0658063 14.559287),14.559287,121.0658063,Guadalupe (ABC)-Pateros via JP Rizal,155,
POINT (121.0660548 14.5577086),14.5577086,121.0660548,Guadalupe (ABC)-Pateros via JP Rizal,155,
POINT (121.064958 14.5558382),14.5558382,121.064958,Guadalupe (ABC)-Pateros via JP Rizal,155,
POINT (121.0643945 14.5548191),14.5548191,121.0643945,Guadalupe (ABC)-Pateros via JP Rizal,155,
POINT (121.063972 14.5540098),14.5540098,121.063972,Guadalupe (ABC)-Pateros via JP Rizal,155,
POINT (121.0633458 14.5526221),14.5526221,121.0633458,Guadalupe (ABC)-Pateros via JP Rizal,155,
POINT (121.0634142 14.5509963),14.5509963,121.0634142,Guadalupe (ABC)-Pateros via JP Rizal,155,
POINT (121.063736 14.5494853),14.5494853,121.063736,Guadalupe (ABC)-Pateros via JP Rizal,155,
POINT (121.0640371 14.5480087),14.5480087,121.0640371,Guadalupe (ABC)-Pateros via JP Rizal,155,
POINT (121.0646841 14.5461457),14.5461457,121.0646841,Guadalupe (ABC)-Pateros via JP Rizal,155,
POINT (121.0664373 14.5451242),14.5451242,121.0664373,Guadalupe (ABC)-Pateros via JP Rizal,155,
POINT (121.0156319 14.5718764),14.5718764,121.0156319,Libertad-PRC,156,
POINT (121.0148486 14.5703208),14.5703208,121.0148486,Libertad-PRC,156,
POINT (121.0141345 14.5689802),14.5689802,121.0141345,Libertad-PRC,156,
POINT (121.0133312 14.5674639),14.5674639,121.0133312,Libertad-PRC,156,
POINT (121.0125715 14.5660156),14.5660156,121.0125715,Libertad-PRC,156,
POINT (121.0109487 14.5626243),14.5626243,121.0109487,Libertad-PRC,156,
POINT (121.0097821 14.5589902),14.5589902,121.0097821,Libertad-PRC,156,
POINT (121.0081708 14.5581647),14.5581647,121.0081708,Libertad-PRC,156,
POINT (121.0017871 14.5553962),14.5553962,121.0017871,Libertad-PRC,156,
POINT (121.0072756 14.5503509),14.5503509,121.0072756,Libertad-Washington,157,
POINT (121.0101703 14.5510116),14.5510116,121.0101703,Libertad-Washington,157,
POINT (121.010723 14.5566767),14.5566767,121.010723,Libertad-Washington,157,
POINT (121.0128278 14.5515895),14.5515895,121.0128278,Libertad-Washington,157,
POINT (121.0351005 14.5553425),14.5553425,121.0351005,Bel Air - Washington,158,
POINT (121.03067 14.55983),14.55983,121.03067,Bel Air - Washington,158,
POINT (121.0272786 14.5617022),14.5617022,121.0272786,Bel Air - Washington,158,
POINT (121.0224887 14.5622291),14.5622291,121.0224887,Bel Air - Washington,158,
POINT (121.0199 14.5619538),14.5619538,121.0199,Bel Air - Washington,158,
POINT (121.0146474 14.5611766),14.5611766,121.0146474,Bel Air - Washington,158,
POINT (121.0115766 14.559886),14.559886,121.0115766,Bel Air - Washington,158,
POINT (121.00978 14.55899),14.55899,121.00978,Bel Air - Washington,158,
POINT (121.0181189 14.5408042),14.5408042,121.0181189,Kayamanan C-Washington,159,
POINT (121.0166383 14.5442751),14.5442751,121.0166383,Kayamanan C-Washington,159,
POINT (121.0143745 14.548426),14.548426,121.0143745,Kayamanan C-Washington,159,
POINT (121.0107234 14.5566767),14.5566767,121.0107234,Kayamanan C-Washington,159,
POINT (121.0127994 14.5580808),14.5580808,121.0127994,Kayamanan C-Washington,159,
POINT (121.0017889 14.5553982),14.5553982,121.0017889,Guadalupe - Cartimar via Buendia,160,
POINT (121.0038692 14.5560582),14.5560582,121.0038692,Guadalupe - Cartimar via Buendia,160,
POINT (121.0071273 14.5575904),14.5575904,121.0071273,Guadalupe - Cartimar via Buendia,160,
POINT (121.0083425 14.5580921),14.5580921,121.0083425,Guadalupe - Cartimar via Buendia,160,
POINT (121.009936 14.5588939),14.5588939,121.009936,Guadalupe - Cartimar via Buendia,160,
POINT (121.012186 14.5600445),14.5600445,121.012186,Guadalupe - Cartimar via Buendia,160,
POINT (121.0144147 14.5609886),14.5609886,121.0144147,Guadalupe - Cartimar via Buendia,160,
POINT (121.0198787 14.5617983),14.5617983,121.0198787,Guadalupe - Cartimar via Buendia,160,
POINT (121.0225003 14.5620657),14.5620657,121.0225003,Guadalupe - Cartimar via Buendia,160,
POINT (121.02597 14.56193),14.56193,121.02597,Guadalupe - Cartimar via Buendia,160,
POINT (121.0272713 14.561601),14.561601,121.0272713,Guadalupe - Cartimar via Buendia,160,
POINT (121.02868 14.56097),14.56097,121.02868,Guadalupe - Cartimar via Buendia,160,
POINT (121.0302227 14.559991),14.559991,121.0302227,Guadalupe - Cartimar via Buendia,160,
POINT (121.0462237 14.5595358),14.5595358,121.0462237,Guadalupe - Cartimar via Buendia,160,
POINT (121.0462927 14.5607913),14.5607913,121.0462927,Guadalupe - Cartimar via Buendia,160,
POINT (121.0463246 14.5624584),14.5624584,121.0463246,Guadalupe - Cartimar via Buendia,160,
POINT (121.0458568 14.5652213),14.5652213,121.0458568,Guadalupe - Cartimar via Buendia,160,
POINT (121.0129681 14.5740004),14.5740004,121.0129681,Makati PUJ Loop (Start from PRC Terminal),161,
POINT (121.0138038 14.5725723),14.5725723,121.0138038,Makati PUJ Loop (Start from PRC Terminal),161,
POINT (121.014083 14.5714529),14.5714529,121.014083,Makati PUJ Loop (Start from PRC Terminal),161,
POINT (121.0162137 14.569617),14.569617,121.0162137,Makati PUJ Loop (Start from PRC Terminal),161,
POINT (121.0177942 14.5687686),14.5687686,121.0177942,Makati PUJ Loop (Start from PRC Terminal),161,
POINT (121.0203926 14.5678154),14.5678154,121.0203926,Makati PUJ Loop (Start from PRC Terminal),161,
POINT (121.0272933 14.5652892),14.5652892,121.0272933,Makati PUJ Loop (Start from PRC Terminal),161,
POINT (121.0285904 14.5631668),14.5631668,121.0285904,Makati PUJ Loop (Start from PRC Terminal),161,
POINT (121.0276088 14.5610658),14.5610658,121.0276088,Makati PUJ Loop (Start from PRC Terminal),161,
POINT (121.0232321 14.5527697),14.5527697,121.0232321,Makati PUJ Loop (Start from PRC Terminal),161,
POINT (121.0246699 14.5489426),14.5489426,121.0246699,Makati PUJ Loop (Start from PRC Terminal),161,
POINT (121.0289419 14.5501489),14.5501489,121.0289419,Makati PUJ Loop (Start from PRC Terminal),161,
POINT (121.0246278 14.5489569),14.5489569,121.0246278,Makati PUJ Loop (Start from PRC Terminal),161,
POINT (121.0234244 14.5526838),14.5526838,121.0234244,Makati PUJ Loop (Start from PRC Terminal),161,
POINT (121.0277989 14.5611487),14.5611487,121.0277989,Makati PUJ Loop (Start from PRC Terminal),161,
POINT (121.0224244 14.563782),14.563782,121.0224244,Makati PUJ Loop (Start from PRC Terminal),161,
POINT (121.0230304 14.5652247),14.5652247,121.0230304,Makati PUJ Loop (Start from PRC Terminal),161,
POINT (121.0236369 14.5668759),14.5668759,121.0236369,Makati PUJ Loop (Start from PRC Terminal),161,
POINT (121.0241472 14.5682419),14.5682419,121.0241472,Makati PUJ Loop (Start from PRC Terminal),161,
POINT (121.0229882 14.570143),14.570143,121.0229882,Makati PUJ Loop (Start from PRC Terminal),161,
POINT (121.0180468 14.5713426),14.5713426,121.0180468,Makati PUJ Loop (Start from PRC Terminal),161,
POINT (121.0149057 14.5719255),14.5719255,121.0149057,Makati PUJ Loop (Start from PRC Terminal),161,
POINT (121.0129678 14.5739971),14.5739971,121.0129678,Makati PUJ Loop (Start from PRC Terminal),161,
POINT (121.0129048 14.5741169),14.5741169,121.0129048,Del Pan-Guadalupe,162,
POINT (121.0138484 14.5725369),14.5725369,121.0138484,Del Pan-Guadalupe,162,
POINT (121.0140902 14.5714388),14.5714388,121.0140902,Del Pan-Guadalupe,162,
POINT (121.0162133 14.5696159),14.5696159,121.0162133,Del Pan-Guadalupe,162,
POINT (121.0177901 14.5687662),14.5687662,121.0177901,Del Pan-Guadalupe,162,
POINT (121.0203896 14.5678094),14.5678094,121.0203896,Del Pan-Guadalupe,162,
POINT (121.022198 14.5671376),14.5671376,121.022198,Del Pan-Guadalupe,162,
POINT (121.0234002 14.5666892),14.5666892,121.0234002,Del Pan-Guadalupe,162,
POINT (121.0241418 14.568246),14.568246,121.0241418,Del Pan-Guadalupe,162,
POINT (121.0248098 14.5701026),14.5701026,121.0248098,Del Pan-Guadalupe,162,
POINT (121.0274902 14.5714221),14.5714221,121.0274902,Del Pan-Guadalupe,162,
POINT (121.0291547 14.5700517),14.5700517,121.0291547,Del Pan-Guadalupe,162,
POINT (121.0279025 14.5675604),14.5675604,121.0279025,Del Pan-Guadalupe,162,
POINT (121.0320875 14.5674329),14.5674329,121.0320875,Del Pan-Guadalupe,162,
POINT (121.0349644 14.5668404),14.5668404,121.0349644,Del Pan-Guadalupe,162,
POINT (121.0379121 14.5670791),14.5670791,121.0379121,Del Pan-Guadalupe,162,
POINT (121.0414405 14.5674263),14.5674263,121.0414405,Del Pan-Guadalupe,162,
POINT (121.0119688 14.540112),14.540112,121.0119688,M. Reyes-Libertad,163,
POINT (121.0119734 14.5410616),14.5410616,121.0119734,M. Reyes-Libertad,163,
POINT (121.0116792 14.5427713),14.5427713,121.0116792,M. Reyes-Libertad,163,
POINT (121.0113685 14.5448045),14.5448045,121.0113685,M. Reyes-Libertad,163,
POINT (121.0110177 14.546919),14.546919,121.0110177,M. Reyes-Libertad,163,
POINT (121.0106864 14.5489586),14.5489586,121.0106864,M. Reyes-Libertad,163,
POINT (121.0072959 14.5503525),14.5503525,121.0072959,M. Reyes-Libertad,163,
POINT (120.9984294 14.54762),14.54762,120.9984294,M. Reyes-Libertad,163,
POINT (120.9960627 14.5468519),14.5468519,120.9960627,M. Reyes-Libertad,163,
POINT (120.993933 14.5459177),14.5459177,120.993933,M. Reyes-Libertad,163,
POINT (120.9943646 14.5441565),14.5441565,120.9943646,M. Reyes-Libertad,163,
POINT (120.9985038 14.5429365),14.5429365,120.9985038,M. Reyes-Libertad,163,
POINT (121.0465362 14.5670181),14.5670181,121.0465362,Guadalupe Market-L. Guinto via Pasig Line,164,
POINT (121.0466175 14.5674086),14.5674086,121.0466175,Guadalupe Market-L. Guinto via Pasig Line,164,
POINT (121.0442303 14.5681417),14.5681417,121.0442303,Guadalupe Market-L. Guinto via Pasig Line,164,
POINT (121.0414408 14.5674223),14.5674223,121.0414408,Guadalupe Market-L. Guinto via Pasig Line,164,
POINT (121.037911 14.567081),14.567081,121.037911,Guadalupe Market-L. Guinto via Pasig Line,164,
POINT (121.0349611 14.5668378),14.5668378,121.0349611,Guadalupe Market-L. Guinto via Pasig Line,164,
POINT (121.0320889 14.5674342),14.5674342,121.0320889,Guadalupe Market-L. Guinto via Pasig Line,164,
POINT (121.0297288 14.5679952),14.5679952,121.0297288,Guadalupe Market-L. Guinto via Pasig Line,164,
POINT (121.0267931 14.5689245),14.5689245,121.0267931,Guadalupe Market-L. Guinto via Pasig Line,164,
POINT (121.0229859 14.5701376),14.5701376,121.0229859,Guadalupe Market-L. Guinto via Pasig Line,164,
POINT (121.0209622 14.57072),14.57072,121.0209622,Guadalupe Market-L. Guinto via Pasig Line,164,
POINT (121.0180432 14.5713404),14.5713404,121.0180432,Guadalupe Market-L. Guinto via Pasig Line,164,
POINT (121.0157888 14.5717525),14.5717525,121.0157888,Guadalupe Market-L. Guinto via Pasig Line,164,
POINT (121.0156312 14.5718758),14.5718758,121.0156312,Guadalupe Market-L. Guinto via Pasig Line,164,
POINT (121.0149062 14.5719264),14.5719264,121.0149062,Guadalupe Market-L. Guinto via Pasig Line,164,
POINT (121.0138456 14.5725338),14.5725338,121.0138456,Guadalupe Market-L. Guinto via Pasig Line,164,
POINT (121.0463842 14.566696),14.566696,121.0463842,Guadalupe Market-L. Guinto via Pasig Line,164,
POINT (121.0129681 14.5740004),14.5740004,121.0129681,One Ayala-Circuit Makati,165,
POINT (121.0138038 14.5725723),14.5725723,121.0138038,One Ayala-Circuit Makati,165,
POINT (121.014083 14.5714529),14.5714529,121.014083,One Ayala-Circuit Makati,165,
POINT (121.0162137 14.569617),14.569617,121.0162137,One Ayala-Circuit Makati,165,
POINT (121.0177942 14.5687686),14.5687686,121.0177942,One Ayala-Circuit Makati,165,
POINT (121.0203926 14.5678154),14.5678154,121.0203926,One Ayala-Circuit Makati,165,
POINT (121.0272933 14.5652892),14.5652892,121.0272933,One Ayala-Circuit Makati,165,
POINT (121.0285904 14.5631668),14.5631668,121.0285904,One Ayala-Circuit Makati,165,
POINT (121.02724 14.5603603),14.5603603,121.02724,One Ayala-Circuit Makati,165,
POINT (121.0289412 14.5501463),14.5501463,121.0289412,One Ayala-Circuit Makati,165,
POINT (121.023424 14.5526824),14.5526824,121.023424,One Ayala-Circuit Makati,165,
POINT (121.0277953 14.5611461),14.5611461,121.0277953,One Ayala-Circuit Makati,165,
POINT (121.0224203 14.5637807),14.5637807,121.0224203,One Ayala-Circuit Makati,165,
POINT (121.0230247 14.5652177),14.5652177,121.0230247,One Ayala-Circuit Makati,165,
POINT (121.0236334 14.5668651),14.5668651,121.0236334,One Ayala-Circuit Makati,165,
POINT (121.0241504 14.5682432),14.5682432,121.0241504,One Ayala-Circuit Makati,165,
POINT (121.0229848 14.5701363),14.5701363,121.0229848,One Ayala-Circuit Makati,165,
POINT (121.0186775 14.5721197),14.5721197,121.0186775,One Ayala-Circuit Makati,165,
POINT (121.0149063 14.5719269),14.5719269,121.0149063,One Ayala-Circuit Makati,165,
POINT (121.0138043 14.5725715),14.5725715,121.0138043,One Ayala-Circuit Makati,165,
POINT (121.0129681 14.5740004),14.5740004,121.0129681,One Ayala-Circuit Makati,165,
POINT (121.0303065 14.5608927),14.5608927,121.0303065,EDSA/Buendia-Mandaluyong City Hall via Jupiter, Rockwell,166
POINT (121.0262975 14.56264),14.56264,121.0262975,EDSA/Buendia-Mandaluyong City Hall via Jupiter, Rockwell,166
POINT (121.0224258 14.5637781),14.5637781,121.0224258,EDSA/Buendia-Mandaluyong City Hall via Jupiter, Rockwell,166
POINT (121.0230296 14.5652199),14.5652199,121.0230296,EDSA/Buendia-Mandaluyong City Hall via Jupiter, Rockwell,166
POINT (121.0272974 14.5652952),14.5652952,121.0272974,EDSA/Buendia-Mandaluyong City Hall via Jupiter, Rockwell,166
POINT (121.0300655 14.5658568),14.5658568,121.0300655,EDSA/Buendia-Mandaluyong City Hall via Jupiter, Rockwell,166
POINT (121.0346981 14.5551956),14.5551956,121.0346981,EDSA/Buendia-Mandaluyong City Hall via Jupiter, Rockwell,166
